{
  "Code Analysis": {
    "PMD": {
      "PMD": [
        {
          "cadre": "Code Analysis",
          "group": "PMD",
          "testClass": "PMD",
          "testCaseID": "CATC1-PMD.codingStandards",
          "testCaseName": "Verifying the code for adherence to coding standards",
          "result": "Pass"
        }
      ]
    }
  },
  "Structural": {
    "JUnit": {
      "IssueServiceTest": [
        {
          "cadre": "Structural",
          "group": "JUnit",
          "testClass": "IssueServiceTest",
          "testCaseID": "STC1-IssueServiceTest.reportAnIssueInvalidReportedDateTest",
          "testCaseName": "Verifying the structure of reportAnIssueInvalidReportedDateTest",
          "result": "Fail",
          "reasonForFailure": "org.opentest4j.AssertionFailedError: expected: not <null>"
        },
        {
          "cadre": "Structural",
          "group": "JUnit",
          "testClass": "IssueServiceTest",
          "testCaseID": "STC2-IssueServiceTest.reportAnIssueValidTest",
          "testCaseName": "Verifying the structure of reportAnIssueValidTest",
          "result": "Fail",
          "reasonForFailure": "org.opentest4j.AssertionFailedError: expected: not <null>"
        },
        {
          "cadre": "Structural",
          "group": "JUnit",
          "testClass": "IssueServiceTest",
          "testCaseID": "STC3-IssueServiceTest.attributes",
          "testCaseName": "Verifying the structure of attributes",
          "result": "Pass"
        },
        {
          "cadre": "Structural",
          "group": "JUnit",
          "testClass": "IssueServiceTest",
          "testCaseID": "STC4-IssueServiceTest.reportAnIssueInvalidStatusTest",
          "testCaseName": "Verifying the structure of reportAnIssueInvalidStatusTest",
          "result": "Fail",
          "reasonForFailure": "org.opentest4j.AssertionFailedError: expected: not <null>"
        }
      ]
    },
    "Model": {
      "Assignee": [
        {
          "cadre": "Structural",
          "group": "Model",
          "testClass": "Assignee",
          "testCaseID": "STC1-Assignee.getAssigneeEmail",
          "testCaseName": "Verifying the structure of getAssigneeEmail",
          "result": "Fail",
          "reasonForFailure": "java.lang.NoSuchMethodException: com.issuetracker.model.Assignee.getAssigneeEmail()"
        },
        {
          "cadre": "Structural",
          "group": "Model",
          "testClass": "Assignee",
          "testCaseID": "STC2-Assignee.constructor",
          "testCaseName": "Verifying the structure of constructor",
          "result": "Fail",
          "reasonForFailure": "java.lang.NoSuchMethodException: com.issuetracker.model.Assignee.<init>(java.lang.String, java.lang.String, java.lang.String, com.issuetracker.model.Unit, java.time.LocalDate, java.lang.Integer)"
        },
        {
          "cadre": "Structural",
          "group": "Model",
          "testClass": "Assignee",
          "testCaseID": "STC3-Assignee.setNumberOfIssuesActive",
          "testCaseName": "Verifying the structure of setNumberOfIssuesActive",
          "result": "Fail",
          "reasonForFailure": "java.lang.NoSuchMethodException: com.issuetracker.model.Assignee.setNumberOfIssuesActive(java.lang.Integer)"
        },
        {
          "cadre": "Structural",
          "group": "Model",
          "testClass": "Assignee",
          "testCaseID": "STC4-Assignee.setEmployeeSince",
          "testCaseName": "Verifying the structure of setEmployeeSince",
          "result": "Fail",
          "reasonForFailure": "java.lang.NoSuchMethodException: com.issuetracker.model.Assignee.setEmployeeSince(java.time.LocalDate)"
        },
        {
          "cadre": "Structural",
          "group": "Model",
          "testClass": "Assignee",
          "testCaseID": "STC5-Assignee.getWorkingUnit",
          "testCaseName": "Verifying the structure of getWorkingUnit",
          "result": "Fail",
          "reasonForFailure": "java.lang.NoSuchMethodException: com.issuetracker.model.Assignee.getWorkingUnit()"
        },
        {
          "cadre": "Structural",
          "group": "Model",
          "testClass": "Assignee",
          "testCaseID": "STC6-Assignee.getAssigneeName",
          "testCaseName": "Verifying the structure of getAssigneeName",
          "result": "Fail",
          "reasonForFailure": "java.lang.NoSuchMethodException: com.issuetracker.model.Assignee.getAssigneeName()"
        },
        {
          "cadre": "Structural",
          "group": "Model",
          "testClass": "Assignee",
          "testCaseID": "STC7-Assignee.setAssigneeEmail",
          "testCaseName": "Verifying the structure of setAssigneeEmail",
          "result": "Fail",
          "reasonForFailure": "java.lang.NoSuchMethodException: com.issuetracker.model.Assignee.setAssigneeEmail(java.lang.String)"
        },
        {
          "cadre": "Structural",
          "group": "Model",
          "testClass": "Assignee",
          "testCaseID": "STC8-Assignee.attributes",
          "testCaseName": "Verifying the structure of attributes",
          "result": "Fail",
          "reasonForFailure": "org.opentest4j.AssertionFailedError: expected: <{workingUnit=class com.issuetracker.model.Unit, assigneeName=class java.lang.String, numberOfIssuesActive=class java.lang.Integer, employeeSince=class java.time.LocalDate, assigneeEmail=class java.lang.String, assigneeId=class java.lang.String}> but was: <{}>"
        },
        {
          "cadre": "Structural",
          "group": "Model",
          "testClass": "Assignee",
          "testCaseID": "STC9-Assignee.setAssigneeName",
          "testCaseName": "Verifying the structure of setAssigneeName",
          "result": "Fail",
          "reasonForFailure": "java.lang.NoSuchMethodException: com.issuetracker.model.Assignee.setAssigneeName(java.lang.String)"
        },
        {
          "cadre": "Structural",
          "group": "Model",
          "testClass": "Assignee",
          "testCaseID": "STC10-Assignee.getAssigneeId",
          "testCaseName": "Verifying the structure of getAssigneeId",
          "result": "Fail",
          "reasonForFailure": "java.lang.NoSuchMethodException: com.issuetracker.model.Assignee.getAssigneeId()"
        },
        {
          "cadre": "Structural",
          "group": "Model",
          "testClass": "Assignee",
          "testCaseID": "STC11-Assignee.getEmployeeSince",
          "testCaseName": "Verifying the structure of getEmployeeSince",
          "result": "Fail",
          "reasonForFailure": "java.lang.NoSuchMethodException: com.issuetracker.model.Assignee.getEmployeeSince()"
        },
        {
          "cadre": "Structural",
          "group": "Model",
          "testClass": "Assignee",
          "testCaseID": "STC12-Assignee.getNumberOfIssuesActive",
          "testCaseName": "Verifying the structure of getNumberOfIssuesActive",
          "result": "Fail",
          "reasonForFailure": "java.lang.NoSuchMethodException: com.issuetracker.model.Assignee.getNumberOfIssuesActive()"
        },
        {
          "cadre": "Structural",
          "group": "Model",
          "testClass": "Assignee",
          "testCaseID": "STC13-Assignee.setAssigneeId",
          "testCaseName": "Verifying the structure of setAssigneeId",
          "result": "Fail",
          "reasonForFailure": "java.lang.NoSuchMethodException: com.issuetracker.model.Assignee.setAssigneeId(java.lang.String)"
        },
        {
          "cadre": "Structural",
          "group": "Model",
          "testClass": "Assignee",
          "testCaseID": "STC14-Assignee.setWorkingUnit",
          "testCaseName": "Verifying the structure of setWorkingUnit",
          "result": "Fail",
          "reasonForFailure": "java.lang.NoSuchMethodException: com.issuetracker.model.Assignee.setWorkingUnit(com.issuetracker.model.Unit)"
        }
      ],
      "IssueReport": [
        {
          "cadre": "Structural",
          "group": "Model",
          "testClass": "IssueReport",
          "testCaseID": "STC1-IssueReport.getAssigneeEmail",
          "testCaseName": "Verifying the structure of getAssigneeEmail",
          "result": "Fail",
          "reasonForFailure": "java.lang.NoSuchMethodException: com.issuetracker.model.IssueReport.getAssigneeEmail()"
        },
        {
          "cadre": "Structural",
          "group": "Model",
          "testClass": "IssueReport",
          "testCaseID": "STC2-IssueReport.constructor",
          "testCaseName": "Verifying the structure of constructor",
          "result": "Fail",
          "reasonForFailure": "java.lang.NoSuchMethodException: com.issuetracker.model.IssueReport.<init>(java.lang.String, java.lang.String, java.lang.String, com.issuetracker.model.IssueStatus)"
        },
        {
          "cadre": "Structural",
          "group": "Model",
          "testClass": "IssueReport",
          "testCaseID": "STC3-IssueReport.setIssueDescription",
          "testCaseName": "Verifying the structure of setIssueDescription",
          "result": "Fail",
          "reasonForFailure": "java.lang.NoSuchMethodException: com.issuetracker.model.IssueReport.setIssueDescription(java.lang.String)"
        },
        {
          "cadre": "Structural",
          "group": "Model",
          "testClass": "IssueReport",
          "testCaseID": "STC4-IssueReport.getIssueId",
          "testCaseName": "Verifying the structure of getIssueId",
          "result": "Fail",
          "reasonForFailure": "java.lang.NoSuchMethodException: com.issuetracker.model.IssueReport.getIssueId()"
        },
        {
          "cadre": "Structural",
          "group": "Model",
          "testClass": "IssueReport",
          "testCaseID": "STC5-IssueReport.getIssueDescription",
          "testCaseName": "Verifying the structure of getIssueDescription",
          "result": "Fail",
          "reasonForFailure": "java.lang.NoSuchMethodException: com.issuetracker.model.IssueReport.getIssueDescription()"
        },
        {
          "cadre": "Structural",
          "group": "Model",
          "testClass": "IssueReport",
          "testCaseID": "STC6-IssueReport.setAssigneeEmail",
          "testCaseName": "Verifying the structure of setAssigneeEmail",
          "result": "Fail",
          "reasonForFailure": "java.lang.NoSuchMethodException: com.issuetracker.model.IssueReport.setAssigneeEmail(java.lang.String)"
        },
        {
          "cadre": "Structural",
          "group": "Model",
          "testClass": "IssueReport",
          "testCaseID": "STC7-IssueReport.attributes",
          "testCaseName": "Verifying the structure of attributes",
          "result": "Fail",
          "reasonForFailure": "org.opentest4j.AssertionFailedError: expected: <{issueId=class java.lang.String, assigneeEmail=class java.lang.String, issueDescription=class java.lang.String, status=class com.issuetracker.model.IssueStatus}> but was: <{}>"
        },
        {
          "cadre": "Structural",
          "group": "Model",
          "testClass": "IssueReport",
          "testCaseID": "STC8-IssueReport.setStatus",
          "testCaseName": "Verifying the structure of setStatus",
          "result": "Fail",
          "reasonForFailure": "java.lang.NoSuchMethodException: com.issuetracker.model.IssueReport.setStatus(com.issuetracker.model.IssueStatus)"
        },
        {
          "cadre": "Structural",
          "group": "Model",
          "testClass": "IssueReport",
          "testCaseID": "STC9-IssueReport.setIssueId",
          "testCaseName": "Verifying the structure of setIssueId",
          "result": "Fail",
          "reasonForFailure": "java.lang.NoSuchMethodException: com.issuetracker.model.IssueReport.setIssueId(java.lang.String)"
        },
        {
          "cadre": "Structural",
          "group": "Model",
          "testClass": "IssueReport",
          "testCaseID": "STC10-IssueReport.getStatus",
          "testCaseName": "Verifying the structure of getStatus",
          "result": "Fail",
          "reasonForFailure": "java.lang.NoSuchMethodException: com.issuetracker.model.IssueReport.getStatus()"
        }
      ],
      "IssueStatus": [
        {
          "cadre": "Structural",
          "group": "Model",
          "testClass": "IssueStatus",
          "testCaseID": "STC1-IssueStatus.constants",
          "testCaseName": "Verifying the structure of constants",
          "result": "Fail",
          "reasonForFailure": "org.opentest4j.AssertionFailedError: expected: <true> but was: <false>"
        }
      ]
    },
    "Service": {
      "ReportThread": [
        {
          "cadre": "Structural",
          "group": "Service",
          "testClass": "ReportThread",
          "testCaseID": "STC1-ReportThread.inheritance",
          "testCaseName": "Verifying the structure of inheritance",
          "result": "Pass"
        },
        {
          "cadre": "Structural",
          "group": "Service",
          "testClass": "ReportThread",
          "testCaseID": "STC2-ReportThread.constructor",
          "testCaseName": "Verifying the structure of constructor",
          "result": "Pass"
        },
        {
          "cadre": "Structural",
          "group": "Service",
          "testClass": "ReportThread",
          "testCaseID": "STC3-ReportThread.run",
          "testCaseName": "Verifying the structure of run",
          "result": "Pass"
        },
        {
          "cadre": "Structural",
          "group": "Service",
          "testClass": "ReportThread",
          "testCaseID": "STC4-ReportThread.attributes",
          "testCaseName": "Verifying the structure of attributes",
          "result": "Pass"
        }
      ],
      "AssigneeServiceImpl": [
        {
          "cadre": "Structural",
          "group": "Service",
          "testClass": "AssigneeServiceImpl",
          "testCaseID": "STC1-AssigneeServiceImpl.inheritance",
          "testCaseName": "Verifying the structure of inheritance",
          "result": "Pass"
        },
        {
          "cadre": "Structural",
          "group": "Service",
          "testClass": "AssigneeServiceImpl",
          "testCaseID": "STC2-AssigneeServiceImpl.updateActiveIssueCount",
          "testCaseName": "Verifying the structure of updateActiveIssueCount",
          "result": "Pass"
        },
        {
          "cadre": "Structural",
          "group": "Service",
          "testClass": "AssigneeServiceImpl",
          "testCaseID": "STC3-AssigneeServiceImpl.attributes",
          "testCaseName": "Verifying the structure of attributes",
          "result": "Pass"
        },
        {
          "cadre": "Structural",
          "group": "Service",
          "testClass": "AssigneeServiceImpl",
          "testCaseID": "STC4-AssigneeServiceImpl.fetchAssignee",
          "testCaseName": "Verifying the structure of fetchAssignee",
          "result": "Pass"
        }
      ],
      "IssueServiceImpl": [
        {
          "cadre": "Structural",
          "group": "Service",
          "testClass": "IssueServiceImpl",
          "testCaseID": "STC1-IssueServiceImpl.inheritance",
          "testCaseName": "Verifying the structure of inheritance",
          "result": "Pass"
        },
        {
          "cadre": "Structural",
          "group": "Service",
          "testClass": "IssueServiceImpl",
          "testCaseID": "STC2-IssueServiceImpl.reportAnIssue",
          "testCaseName": "Verifying the structure of reportAnIssue",
          "result": "Pass"
        },
        {
          "cadre": "Structural",
          "group": "Service",
          "testClass": "IssueServiceImpl",
          "testCaseID": "STC3-IssueServiceImpl.deleteIssues",
          "testCaseName": "Verifying the structure of deleteIssues",
          "result": "Pass"
        },
        {
          "cadre": "Structural",
          "group": "Service",
          "testClass": "IssueServiceImpl",
          "testCaseID": "STC4-IssueServiceImpl.updateStatus",
          "testCaseName": "Verifying the structure of updateStatus",
          "result": "Pass"
        },
        {
          "cadre": "Structural",
          "group": "Service",
          "testClass": "IssueServiceImpl",
          "testCaseID": "STC5-IssueServiceImpl.attributes",
          "testCaseName": "Verifying the structure of attributes",
          "result": "Pass"
        },
        {
          "cadre": "Structural",
          "group": "Service",
          "testClass": "IssueServiceImpl",
          "testCaseID": "STC6-IssueServiceImpl.showIssues",
          "testCaseName": "Verifying the structure of showIssues",
          "result": "Pass"
        }
      ],
      "DeleteThread": [
        {
          "cadre": "Structural",
          "group": "Service",
          "testClass": "DeleteThread",
          "testCaseID": "STC1-DeleteThread.inheritance",
          "testCaseName": "Verifying the structure of inheritance",
          "result": "Pass"
        },
        {
          "cadre": "Structural",
          "group": "Service",
          "testClass": "DeleteThread",
          "testCaseID": "STC2-DeleteThread.constructor",
          "testCaseName": "Verifying the structure of constructor",
          "result": "Pass"
        },
        {
          "cadre": "Structural",
          "group": "Service",
          "testClass": "DeleteThread",
          "testCaseID": "STC3-DeleteThread.run",
          "testCaseName": "Verifying the structure of run",
          "result": "Pass"
        },
        {
          "cadre": "Structural",
          "group": "Service",
          "testClass": "DeleteThread",
          "testCaseID": "STC4-DeleteThread.attributes",
          "testCaseName": "Verifying the structure of attributes",
          "result": "Pass"
        }
      ],
      "ShowThread": [
        {
          "cadre": "Structural",
          "group": "Service",
          "testClass": "ShowThread",
          "testCaseID": "STC1-ShowThread.inheritance",
          "testCaseName": "Verifying the structure of inheritance",
          "result": "Pass"
        },
        {
          "cadre": "Structural",
          "group": "Service",
          "testClass": "ShowThread",
          "testCaseID": "STC2-ShowThread.constructor",
          "testCaseName": "Verifying the structure of constructor",
          "result": "Pass"
        },
        {
          "cadre": "Structural",
          "group": "Service",
          "testClass": "ShowThread",
          "testCaseID": "STC3-ShowThread.run",
          "testCaseName": "Verifying the structure of run",
          "result": "Pass"
        },
        {
          "cadre": "Structural",
          "group": "Service",
          "testClass": "ShowThread",
          "testCaseID": "STC4-ShowThread.attributes",
          "testCaseName": "Verifying the structure of attributes",
          "result": "Pass"
        }
      ],
      "UpdateThread": [
        {
          "cadre": "Structural",
          "group": "Service",
          "testClass": "UpdateThread",
          "testCaseID": "STC1-UpdateThread.inheritance",
          "testCaseName": "Verifying the structure of inheritance",
          "result": "Pass"
        },
        {
          "cadre": "Structural",
          "group": "Service",
          "testClass": "UpdateThread",
          "testCaseID": "STC2-UpdateThread.constructor",
          "testCaseName": "Verifying the structure of constructor",
          "result": "Pass"
        },
        {
          "cadre": "Structural",
          "group": "Service",
          "testClass": "UpdateThread",
          "testCaseID": "STC3-UpdateThread.run",
          "testCaseName": "Verifying the structure of run",
          "result": "Pass"
        },
        {
          "cadre": "Structural",
          "group": "Service",
          "testClass": "UpdateThread",
          "testCaseID": "STC4-UpdateThread.attributes",
          "testCaseName": "Verifying the structure of attributes",
          "result": "Pass"
        }
      ]
    },
    "Exception": {
      "IssueTrackerException": [
        {
          "cadre": "Structural",
          "group": "Exception",
          "testClass": "IssueTrackerException",
          "testCaseID": "STC1-IssueTrackerException.inheritance",
          "testCaseName": "Verifying the structure of inheritance",
          "result": "Pass"
        },
        {
          "cadre": "Structural",
          "group": "Exception",
          "testClass": "IssueTrackerException",
          "testCaseID": "STC2-IssueTrackerException.constructor",
          "testCaseName": "Verifying the structure of constructor",
          "result": "Pass"
        }
      ]
    },
    "Validator": {
      "Validator": [
        {
          "cadre": "Structural",
          "group": "Validator",
          "testClass": "Validator",
          "testCaseID": "STC1-Validator.validate",
          "testCaseName": "Verifying the structure of validate",
          "result": "Pass"
        },
        {
          "cadre": "Structural",
          "group": "Validator",
          "testClass": "Validator",
          "testCaseID": "STC2-Validator.isValidIssueDescription",
          "testCaseName": "Verifying the structure of isValidIssueDescription",
          "result": "Pass"
        },
        {
          "cadre": "Structural",
          "group": "Validator",
          "testClass": "Validator",
          "testCaseID": "STC3-Validator.isValidReportedOn",
          "testCaseName": "Verifying the structure of isValidReportedOn",
          "result": "Pass"
        },
        {
          "cadre": "Structural",
          "group": "Validator",
          "testClass": "Validator",
          "testCaseID": "STC4-Validator.isValidIssueId",
          "testCaseName": "Verifying the structure of isValidIssueId",
          "result": "Pass"
        },
        {
          "cadre": "Structural",
          "group": "Validator",
          "testClass": "Validator",
          "testCaseID": "STC5-Validator.isValidStatus",
          "testCaseName": "Verifying the structure of isValidStatus",
          "result": "Pass"
        }
      ]
    }
  }
}