{
  "Code Analysis": {
    "PMD": {
      "PMD": [
        1,
        1,
        0
      ]
    }
  },
  "Structural": {
    "JUnit": {
      "IssueServiceTest": [
        4,
        1,
        3
      ]
    },
    "Model": {
      "Assignee": [
        14,
        0,
        14
      ],
      "IssueReport": [
        10,
        0,
        10
      ],
      "IssueStatus": [
        1,
        0,
        1
      ]
    },
    "Service": {
      "ReportThread": [
        4,
        4,
        0
      ],
      "AssigneeServiceImpl": [
        4,
        4,
        0
      ],
      "IssueServiceImpl": [
        6,
        6,
        0
      ],
      "DeleteThread": [
        4,
        4,
        0
      ],
      "ShowThread": [
        4,
        4,
        0
      ],
      "UpdateThread": [
        4,
        4,
        0
      ]
    },
    "Exception": {
      "IssueTrackerException": [
        2,
        2,
        0
      ]
    },
    "Validator": {
      "Validator": [
        5,
        5,
        0
      ]
    }
  }
}